<?xml version="1.0" encoding="UTF-8"?>
<checkstyle version="8.32">
<file name="/home/joao/Source/spring-petclinic/.classpath">
</file>
<file name="/home/joao/Source/spring-petclinic/pom.xml">
</file>
<file name="/home/joao/Source/spring-petclinic/.editorconfig">
</file>
<file name="/home/joao/Source/spring-petclinic/mvnw">
</file>
<file name="/home/joao/Source/spring-petclinic/docker-compose.yml">
</file>
<file name="/home/joao/Source/spring-petclinic/.settings/org.eclipse.jdt.apt.core.prefs">
</file>
<file name="/home/joao/Source/spring-petclinic/.settings/org.eclipse.core.resources.prefs">
</file>
<file name="/home/joao/Source/spring-petclinic/.settings/org.eclipse.m2e.core.prefs">
</file>
<file name="/home/joao/Source/spring-petclinic/.settings/org.eclipse.jdt.core.prefs">
</file>
<file name="/home/joao/Source/spring-petclinic/.travis.yml">
</file>
<file name="/home/joao/Source/spring-petclinic/src/main/resources/messages/messages_en.properties">
</file>
<file name="/home/joao/Source/spring-petclinic/src/main/resources/messages/messages_es.properties">
</file>
<file name="/home/joao/Source/spring-petclinic/src/main/resources/messages/messages.properties">
</file>
<file name="/home/joao/Source/spring-petclinic/src/main/resources/messages/messages_de.properties">
</file>
<file name="/home/joao/Source/spring-petclinic/src/main/resources/banner.txt">
</file>
<file name="/home/joao/Source/spring-petclinic/src/main/resources/static/resources/images/platform-bg.png">
</file>
<file name="/home/joao/Source/spring-petclinic/src/main/resources/static/resources/images/pets.png">
</file>
<file name="/home/joao/Source/spring-petclinic/src/main/resources/static/resources/images/spring-pivotal-logo.png">
</file>
<file name="/home/joao/Source/spring-petclinic/src/main/resources/static/resources/images/spring-logo-dataflow.png">
</file>
<file name="/home/joao/Source/spring-petclinic/src/main/resources/static/resources/images/favicon.png">
</file>
<file name="/home/joao/Source/spring-petclinic/src/main/resources/static/resources/images/spring-logo-dataflow-mobile.png">
</file>
<file name="/home/joao/Source/spring-petclinic/src/main/resources/static/resources/fonts/varela_round-webfont.woff">
</file>
<file name="/home/joao/Source/spring-petclinic/src/main/resources/static/resources/fonts/montserrat-webfont.svg">
</file>
<file name="/home/joao/Source/spring-petclinic/src/main/resources/static/resources/fonts/montserrat-webfont.woff">
</file>
<file name="/home/joao/Source/spring-petclinic/src/main/resources/static/resources/fonts/varela_round-webfont.ttf">
</file>
<file name="/home/joao/Source/spring-petclinic/src/main/resources/static/resources/fonts/montserrat-webfont.ttf">
</file>
<file name="/home/joao/Source/spring-petclinic/src/main/resources/static/resources/fonts/varela_round-webfont.svg">
</file>
<file name="/home/joao/Source/spring-petclinic/src/main/resources/static/resources/fonts/varela_round-webfont.eot">
</file>
<file name="/home/joao/Source/spring-petclinic/src/main/resources/static/resources/fonts/montserrat-webfont.eot">
</file>
<file name="/home/joao/Source/spring-petclinic/src/main/resources/templates/error.html">
</file>
<file name="/home/joao/Source/spring-petclinic/src/main/resources/templates/fragments/inputField.html">
</file>
<file name="/home/joao/Source/spring-petclinic/src/main/resources/templates/fragments/selectField.html">
</file>
<file name="/home/joao/Source/spring-petclinic/src/main/resources/templates/fragments/layout.html">
</file>
<file name="/home/joao/Source/spring-petclinic/src/main/resources/templates/pets/createOrUpdatePetForm.html">
</file>
<file name="/home/joao/Source/spring-petclinic/src/main/resources/templates/pets/createOrUpdateVisitForm.html">
</file>
<file name="/home/joao/Source/spring-petclinic/src/main/resources/templates/vets/vetList.html">
</file>
<file name="/home/joao/Source/spring-petclinic/src/main/resources/templates/welcome.html">
</file>
<file name="/home/joao/Source/spring-petclinic/src/main/resources/templates/owners/ownerDetails.html">
</file>
<file name="/home/joao/Source/spring-petclinic/src/main/resources/templates/owners/ownersList.html">
</file>
<file name="/home/joao/Source/spring-petclinic/src/main/resources/templates/owners/findOwners.html">
</file>
<file name="/home/joao/Source/spring-petclinic/src/main/resources/templates/owners/createOrUpdateOwnerForm.html">
</file>
<file name="/home/joao/Source/spring-petclinic/src/main/resources/application-mysql.properties">
</file>
<file name="/home/joao/Source/spring-petclinic/src/main/resources/application.properties">
</file>
<file name="/home/joao/Source/spring-petclinic/src/main/resources/db/mysql/data.sql">
</file>
<file name="/home/joao/Source/spring-petclinic/src/main/resources/db/mysql/petclinic_db_setup_mysql.txt">
</file>
<file name="/home/joao/Source/spring-petclinic/src/main/resources/db/mysql/user.sql">
</file>
<file name="/home/joao/Source/spring-petclinic/src/main/resources/db/mysql/schema.sql">
</file>
<file name="/home/joao/Source/spring-petclinic/src/main/resources/db/hsqldb/data.sql">
</file>
<file name="/home/joao/Source/spring-petclinic/src/main/resources/db/hsqldb/schema.sql">
</file>
<file name="/home/joao/Source/spring-petclinic/src/main/resources/db/h2/data.sql">
</file>
<file name="/home/joao/Source/spring-petclinic/src/main/resources/db/h2/schema.sql">
</file>
<file name="/home/joao/Source/spring-petclinic/src/main/java/org/springframework/samples/petclinic/vet/Vet.java">
</file>
<file name="/home/joao/Source/spring-petclinic/src/main/java/org/springframework/samples/petclinic/vet/VetRepository.java">
</file>
<file name="/home/joao/Source/spring-petclinic/src/main/java/org/springframework/samples/petclinic/vet/Specialty.java">
</file>
<file name="/home/joao/Source/spring-petclinic/src/main/java/org/springframework/samples/petclinic/vet/VetController.java">
</file>
<file name="/home/joao/Source/spring-petclinic/src/main/java/org/springframework/samples/petclinic/vet/Vets.java">
</file>
<file name="/home/joao/Source/spring-petclinic/src/main/java/org/springframework/samples/petclinic/visit/VisitRepository.java">
</file>
<file name="/home/joao/Source/spring-petclinic/src/main/java/org/springframework/samples/petclinic/visit/Visit.java">
</file>
<file name="/home/joao/Source/spring-petclinic/src/main/java/org/springframework/samples/petclinic/owner/OwnerController.java">
</file>
<file name="/home/joao/Source/spring-petclinic/src/main/java/org/springframework/samples/petclinic/owner/PetRepository.java">
</file>
<file name="/home/joao/Source/spring-petclinic/src/main/java/org/springframework/samples/petclinic/owner/OwnerRepository.java">
</file>
<file name="/home/joao/Source/spring-petclinic/src/main/java/org/springframework/samples/petclinic/owner/PetController.java">
</file>
<file name="/home/joao/Source/spring-petclinic/src/main/java/org/springframework/samples/petclinic/owner/Pet.java">
</file>
<file name="/home/joao/Source/spring-petclinic/src/main/java/org/springframework/samples/petclinic/owner/VisitController.java">
</file>
<file name="/home/joao/Source/spring-petclinic/src/main/java/org/springframework/samples/petclinic/owner/PetValidator.java">
</file>
<file name="/home/joao/Source/spring-petclinic/src/main/java/org/springframework/samples/petclinic/owner/Owner.java">
</file>
<file name="/home/joao/Source/spring-petclinic/src/main/java/org/springframework/samples/petclinic/owner/PetType.java">
</file>
<file name="/home/joao/Source/spring-petclinic/src/main/java/org/springframework/samples/petclinic/owner/PetTypeFormatter.java">
</file>
<file name="/home/joao/Source/spring-petclinic/src/main/java/org/springframework/samples/petclinic/model/Person.java">
</file>
<file name="/home/joao/Source/spring-petclinic/src/main/java/org/springframework/samples/petclinic/model/NamedEntity.java">
</file>
<file name="/home/joao/Source/spring-petclinic/src/main/java/org/springframework/samples/petclinic/model/BaseEntity.java">
</file>
<file name="/home/joao/Source/spring-petclinic/src/main/java/org/springframework/samples/petclinic/model/package-info.java">
</file>
<file name="/home/joao/Source/spring-petclinic/src/main/java/org/springframework/samples/petclinic/system/CacheConfiguration.java">
</file>
<file name="/home/joao/Source/spring-petclinic/src/main/java/org/springframework/samples/petclinic/system/WelcomeController.java">
</file>
<file name="/home/joao/Source/spring-petclinic/src/main/java/org/springframework/samples/petclinic/system/CrashController.java">
</file>
<file name="/home/joao/Source/spring-petclinic/src/main/java/org/springframework/samples/petclinic/PetClinicApplication.java">
</file>
<file name="/home/joao/Source/spring-petclinic/src/main/less/responsive.less">
</file>
<file name="/home/joao/Source/spring-petclinic/src/main/less/header.less">
</file>
<file name="/home/joao/Source/spring-petclinic/src/main/less/petclinic.less">
</file>
<file name="/home/joao/Source/spring-petclinic/src/main/less/typography.less">
</file>
<file name="/home/joao/Source/spring-petclinic/src/main/wro/wro.properties">
</file>
<file name="/home/joao/Source/spring-petclinic/src/main/wro/wro.xml">
</file>
<file name="/home/joao/Source/spring-petclinic/src/test/java/org/springframework/samples/petclinic/vet/VetControllerTests.java">
</file>
<file name="/home/joao/Source/spring-petclinic/src/test/java/org/springframework/samples/petclinic/vet/VetTests.java">
</file>
<file name="/home/joao/Source/spring-petclinic/src/test/java/org/springframework/samples/petclinic/service/ClinicServiceTests.java">
</file>
<file name="/home/joao/Source/spring-petclinic/src/test/java/org/springframework/samples/petclinic/service/EntityUtils.java">
</file>
<file name="/home/joao/Source/spring-petclinic/src/test/java/org/springframework/samples/petclinic/owner/PetTypeFormatterTests.java">
</file>
<file name="/home/joao/Source/spring-petclinic/src/test/java/org/springframework/samples/petclinic/owner/OwnerControllerTests.java">
</file>
<file name="/home/joao/Source/spring-petclinic/src/test/java/org/springframework/samples/petclinic/owner/VisitControllerTests.java">
</file>
<file name="/home/joao/Source/spring-petclinic/src/test/java/org/springframework/samples/petclinic/owner/PetControllerTests.java">
</file>
<file name="/home/joao/Source/spring-petclinic/src/test/java/org/springframework/samples/petclinic/model/ValidatorTests.java">
</file>
<file name="/home/joao/Source/spring-petclinic/src/test/java/org/springframework/samples/petclinic/system/CrashControllerTests.java">
</file>
<file name="/home/joao/Source/spring-petclinic/src/test/java/org/springframework/samples/petclinic/PetclinicIntegrationTests.java">
</file>
<file name="/home/joao/Source/spring-petclinic/src/test/jmeter/petclinic_test_plan.jmx">
</file>
<file name="/home/joao/Source/spring-petclinic/src/checkstyle/nohttp-checkstyle.xml">
</file>
<file name="/home/joao/Source/spring-petclinic/src/checkstyle/nohttp-checkstyle-suppressions.xml">
</file>
<file name="/home/joao/Source/spring-petclinic/.mvn/wrapper/maven-wrapper.jar">
</file>
<file name="/home/joao/Source/spring-petclinic/.mvn/wrapper/maven-wrapper.properties">
</file>
<file name="/home/joao/Source/spring-petclinic/.mvn/wrapper/MavenWrapperDownloader.java">
</file>
<file name="/home/joao/Source/spring-petclinic/.project">
</file>
<file name="/home/joao/Source/spring-petclinic/.gitignore">
</file>
<file name="/home/joao/Source/spring-petclinic/readme.md">
</file>
<file name="/home/joao/Source/spring-petclinic/mvnw.cmd">
</file>
</checkstyle>
